{
  "MOON/USD": 8.584368830523658,
  "PUMP/USD": -1.5671704338835752,
  "PEPE/USD": 0.060059296136074636,
  "SOL/USDT": 4.77577273453042,
  "LTC/USDT": -1.823283799495755,
  "KEEP/USD": -3.654351903888795,
  "SUI/USD": 0.8264165419291913,
  "ALT/USD": -1.8274729363249094,
  "ARB/USD": -1.5236199509705557,
  "ETH/USDT": -1.4363766975084502,
  "ADA/USDT": 4.265050686002468,
  "TOKEN/USD": -4.438831335511054,
  "DOGE/USDT": -1.4829642802984608,
  "IDEX/USD": -2.9412255404396603
}