{
  "MOON/USD": 8.584368830523658,
  "PUMP/USD": -1.850148870712319,
  "PEPE/USD": 0.060059296136074636,
  "SOL/USDT": 4.77577273453042,
  "LTC/USDT": -1.823283799495755,
  "KEEP/USD": -3.654351903888795,
  "SUI/USD": 0.8264165419291913,
  "ALT/USD": -1.8274729363249094,
  "ARB/USD": -2.0275675951889056,
  "ETH/USDT": -1.4363766975084502,
  "ADA/USDT": 4.265050686002468,
  "TOKEN/USD": -4.438831335511054,
  "DOGE/USDT": -1.4829642802984608,
  "IDEX/USD": -2.9412255404396603,
  "POND/USD": -2.012348515421019,
  "BIT/USD": -2.4042837079564343,
  "CYBER/USD": -0.7538864959972251,
  "STEP/USD": -2.790863307874549,
  "LINK/USDT": -0.3936063254990785,
  "BIO/USD": 4.929163665772769,
  "CLANKER/USD": -2.184282017389684,
  "PLUME/USD": 1.3489067335290699,
  "ICP/USD": -0.13604914102919707,
  "XRP/USDT": -1.0616705350813689
}