{
  "MOON/USD": 8.584368830523658,
  "PUMP/USD": -1.5671704338835752,
  "PEPE/USD": 0.060059296136074636,
  "SOL/USDT": 3.2514226583060974,
  "LTC/USDT": -1.823283799495755,
  "KEEP/USD": -3.654351903888795,
  "SUI/USD": 0.8264165419291913,
  "ALT/USD": -1.8274729363249094,
  "ARB/USD": -1.5236199509705557,
  "ETH/USDT": 0.09680860335490138
}