{
  "MOON/USD": [
    8.584368830523658
  ],
  "PUMP/USD": [
    -1.850148870712319,
    -0.31823705564410787
  ],
  "PEPE/USD": [
    0.060059296136074636
  ],
  "SOL/USDT": [
    4.77577273453042,
    -0.5459605150715632
  ],
  "LTC/USDT": [
    -1.823283799495755
  ],
  "KEEP/USD": [
    -3.654351903888795
  ],
  "SUI/USD": [
    0.8264165419291913
  ],
  "ALT/USD": [
    -1.8274729363249094
  ],
  "ARB/USD": [
    -2.0275675951889056
  ],
  "ETH/USDT": [
    -1.4363766975084502
  ],
  "ADA/USDT": [
    4.265050686002468
  ],
  "TOKEN/USD": [
    -4.438831335511054
  ],
  "DOGE/USDT": [
    -1.4829642802984608,
    -0.18558643987049628
  ],
  "IDEX/USD": [
    -2.9412255404396603
  ],
  "POND/USD": [
    -2.012348515421019
  ],
  "BIT/USD": [
    -2.4042837079564343
  ],
  "CYBER/USD": [
    -0.7538864959972251
  ],
  "STEP/USD": [
    -2.790863307874549
  ],
  "LINK/USDT": [
    -0.3936063254990785,
    -0.20481626969245603
  ],
  "BIO/USD": [
    4.929163665772769,
    -0.5782687121536938,
    -0.928348659842058
  ],
  "CLANKER/USD": [
    -2.184282017389684
  ],
  "PLUME/USD": [
    1.3489067335290699
  ],
  "ICP/USD": [
    -0.13604914102919707
  ],
  "XRP/USDT": [
    -1.0616705350813689
  ],
  "API3/USD": [
    1.1866155483695842
  ],
  "AUDIO/USD": [
    -0.5391376709680955
  ],
  "PORTAL/USD": [
    -0.0054433336800912
  ],
  "KEY/USD": [
    -0.9329998076207104,
    -0.21248999997272477
  ],
  "RAD/USD": [
    0.6292648924486279
  ],
  "UMA/USD": [
    0.6447369671198082,
    -0.07002958395156611
  ],
  "POLS/USD": [
    -0.40534489619444614,
    -0.4629136652903121,
    -0.2039809868246909
  ],
  "SLAY/USD": [
    0.20049948127886452
  ],
  "MAT/USD": [
    0.7266762806067746
  ],
  "MEME/USD": [
    -0.905095410127366
  ],
  "FHE/USD": [
    -0.39441343433166054,
    -0.03289265821410403,
    -0.24473973307573083,
    0.7239418989429787
  ],
  "PROMPT/USD": [
    0.7138471894925154,
    2.0574230478568722,
    -0.6603366431063904
  ],
  "DOGS/USD": [
    -1.0904392947052628
  ]
}