{
  "LDO/USD": 1754904782.6669135,
  "PUMP/USD": 1754928180.241779,
  "CRO/USDT": 1754911251.6737328,
  "ZRO/USD": 1754912277.9448478,
  "STG/USD": 1754911481.9925668,
  "LINK/USDT": 1754905827.4894748,
  "BANANAS31/USD": 1754912418.5359254,
  "LTC/USDT": 1754925470.5883298,
  "ETH/USDT": 1754941932.172095
}