{
  "LDO/USD": 1754904782.6669135,
  "PUMP/USD": 1755661373.6042233,
  "CRO/USDT": 1754911251.6737328,
  "ZRO/USD": 1754912277.9448478,
  "STG/USD": 1754911481.9925668,
  "LINK/USDT": 1755748726.9130254,
  "BANANAS31/USD": 1754912418.5359254,
  "LTC/USDT": 1755063187.7446923,
  "ETH/USDT": 1755263419.798205,
  "PEPE/USD": 1755046887.0760393,
  "SOL/USDT": 1755743791.486413,
  "KEEP/USD": 1755080627.837401,
  "SUI/USD": 1755081184.1537018,
  "MOON/USD": 1755081655.3343446,
  "ALT/USD": 1755094562.9938161,
  "ARB/USD": 1755480891.6196032,
  "ADA/USDT": 1755154591.0278966,
  "TOKEN/USD": 1755264954.328882,
  "DOGE/USDT": 1755766670.5480974,
  "IDEX/USD": 1755265878.205679,
  "POND/USD": 1755434445.6903727,
  "BIT/USD": 1755481777.2142842,
  "CYBER/USD": 1755474931.5905688,
  "STEP/USD": 1755519047.3461766,
  "BIO/USD": 1756104811.9685872,
  "CLANKER/USD": 1755508551.2368925,
  "PLUME/USD": 1755527257.4982116,
  "ICP/USD": 1755567135.0503888,
  "XRP/USDT": 1755575034.1897159,
  "API3/USD": 1755596755.5343826,
  "AUDIO/USD": 1755604617.1231244,
  "PORTAL/USD": 1755610440.6881745,
  "KEY/USD": 1756123694.3577814,
  "RAD/USD": 1755652483.076167,
  "UMA/USD": 1755660702.9557378,
  "POLS/USD": 1755831146.725663,
  "SLAY/USD": 1755829947.6825244,
  "MAT/USD": 1755831282.7301698,
  "MEME/USD": 1755909732.7858207,
  "FHE/USD": 1755996719.9537044,
  "PROMPT/USD": 1756077157.297639,
  "DOGS/USD": 1755997886.5179963,
  "NOT/USD": 1756096369.4752276,
  "HOUSE/USD": 1756129611.5511713
}