{
  "LDO/USD": 1754904782.6669135,
  "PUMP/USD": 1755041070.886608,
  "CRO/USDT": 1754911251.6737328,
  "ZRO/USD": 1754912277.9448478,
  "STG/USD": 1754911481.9925668,
  "LINK/USDT": 1754905827.4894748,
  "BANANAS31/USD": 1754912418.5359254,
  "LTC/USDT": 1755063187.7446923,
  "ETH/USDT": 1755121484.3629603,
  "PEPE/USD": 1755046887.0760393,
  "SOL/USDT": 1755140522.251698,
  "KEEP/USD": 1755080627.837401,
  "SUI/USD": 1755081184.1537018,
  "MOON/USD": 1755081655.3343446,
  "ALT/USD": 1755094562.9938161,
  "ARB/USD": 1755108782.7680688,
  "ADA/USDT": 1755154591.0278966
}